et,at,epx,epy,epz,eox,eoy,eoz,eow,apx,apy,apz,aox,aoy,aoz,aow
1295965767.523021,1295965767.531006,-0.002178,0.000074,0.000000,0.000000,0.000000,-0.000723,1.000000,0.000000,0.000000,0.000000,0.000000,0.000000,0.000000,1.000000
1295965767.934015,1295965767.939004,-0.002178,0.000074,0.000000,0.000000,0.000000,-0.000723,1.000000,0.000000,0.000000,0.000000,0.000000,0.000000,0.000000,1.000000
1295965768.532012,1295965768.551009,-0.002178,0.000074,0.000000,0.000000,0.000000,-0.000723,1.000000,0.000000,0.000000,0.000000,0.000000,0.000000,0.000000,1.000000
1295965768.953020,1295965768.959007,-0.002178,0.000074,0.000000,0.000000,0.000000,-0.000723,1.000000,0.000000,0.000000,0.000000,0.000000,0.000000,0.000000,1.000000
1295965769.564013,1295965769.571005,-0.002178,0.000074,0.000000,0.000000,0.000000,-0.000723,1.000000,0.000000,0.000000,0.000000,0.000000,0.000000,0.000000,1.000000
1295965769.969003,1295965769.979019,-0.002178,0.000074,0.000000,0.000000,0.000000,-0.000723,1.000000,0.000000,0.000000,0.000000,0.000000,0.000000,0.000000,1.000000
1295965770.559005,1295965770.591009,-0.002178,0.000074,0.000000,0.000000,0.000000,-0.000723,1.000000,0.000000,0.000000,0.000000,0.000000,0.000000,0.000000,1.000000
1295965770.981016,1295965770.999015,-0.002178,0.000074,0.000000,0.000000,0.000000,-0.000723,1.000000,0.000000,0.000000,0.000000,0.000000,0.000000,0.000000,1.000000
1295965771.575012,1295965771.611048,-0.002178,0.000074,0.000000,0.000000,0.000000,-0.000723,1.000000,0.000000,0.000000,0.000000,0.000000,0.000000,0.000000,1.000000
1295965771.998004,1295965772.019006,-0.002178,0.000074,0.000000,0.000000,0.000000,-0.000723,1.000000,0.000000,0.000000,0.000000,0.000000,0.000000,0.000000,1.000000
1295965772.622005,1295965772.631005,-0.002178,0.000074,0.000000,0.000000,0.000000,-0.000723,1.000000,0.000000,0.000000,0.000000,0.000000,0.000000,0.000000,1.000000
1295965773.028034,1295965773.039005,-0.002282,0.000918,0.000000,0.000000,0.000000,0.028614,0.999591,0.000000,0.000000,0.000000,0.000000,0.000000,0.000000,1.000000
1295965773.648021,1295965773.651005,-0.003801,-0.003311,0.000000,0.000000,0.000000,0.282157,0.959368,0.000000,0.000000,0.000000,0.000000,0.000000,0.000000,1.000000
1295965773.940026,1295965774.059005,-0.002358,-0.006626,0.000000,0.000000,0.000000,0.405446,0.914119,0.000000,0.000000,0.000000,0.000000,0.000000,0.000000,1.000000
1295965775.041017,1295965775.079015,0.009660,-0.012800,0.000000,0.000000,0.000000,0.792442,0.609948,0.000000,0.000000,0.000000,0.000000,0.000000,0.000000,1.000000
1295965775.691004,1295965775.691004,-0.008384,0.028919,0.000000,0.000000,0.000000,0.836283,0.548298,0.000000,0.000000,0.000000,0.000000,0.000000,0.000000,1.000000
1295965776.078021,1295965776.099017,-0.055060,0.130513,0.000000,0.000000,0.000000,0.839116,0.543953,-0.001772,0.005175,0.099892,-0.001277,-0.008790,0.000696,0.999960
1295965777.116007,1295965777.119006,-0.220949,0.399107,0.000000,0.000000,0.000000,0.895280,0.445503,-0.106255,0.028767,0.545499,0.002145,-0.125810,0.003324,0.992046
1295965777.727014,1295965777.731014,-0.342695,0.541017,0.000000,0.000000,0.000000,0.908692,0.417468,-0.169019,0.027007,0.661585,0.001350,-0.164668,0.003189,0.986343
1295965778.121023,1295965778.139006,-0.422444,0.628450,0.000000,0.000000,0.000000,0.908897,0.417020,-0.370715,0.083442,1.108803,0.004145,-0.165330,0.003360,0.986224
1295965778.746022,1295965778.751018,-0.549137,0.766582,0.000000,0.000000,0.000000,0.909980,0.414653,-0.498965,0.092750,1.489921,0.003915,-0.174301,0.005393,0.984670
1295965779.130005,1295965779.159005,-0.620895,0.843647,0.000000,0.000000,0.000000,0.910706,0.413054,-0.779235,0.077924,1.988431,0.003486,-0.178912,0.003974,0.983851
1295965779.766013,1295965779.771009,-0.785261,1.012464,0.000000,0.000000,0.000000,0.912468,0.409148,-1.000857,0.087810,2.390685,0.002354,-0.188560,0.005056,0.982046
1295965780.781007,1295965780.791007,-1.102479,1.309438,0.000000,0.000000,0.000000,0.944704,0.327925,-1.200978,2.015032,3.107773,0.017947,-0.269551,0.011178,0.962754
1295965781.159009,1295965781.199014,-1.229645,1.399092,0.000000,0.000000,0.000000,0.951136,0.308771,-1.260069,1.809807,3.153808,0.008026,-0.289940,0.003607,0.957004
1295965781.804009,1295965781.811009,-1.476441,1.509543,0.000000,0.000000,0.000000,0.981465,0.191642,-3.888768,1.101906,2.671259,-0.017056,-0.375588,0.007472,0.926600
1295965782.218009,1295965782.219014,-1.626349,1.551777,0.000000,0.000000,0.000000,0.983115,0.182987,-3.972888,0.879502,2.737645,-0.028309,-0.385635,-0.000294,0.922217
1295965783.236013,1295965783.239005,-1.903737,1.588045,0.000000,0.000000,0.000000,0.983836,0.179069,-4.287412,0.489077,2.917565,-0.057178,-0.394974,-0.021322,0.916663
1295965783.836017,1295965783.851004,-1.902732,1.587988,0.000000,0.000000,0.000000,0.983845,0.179024,-4.287412,0.489077,2.917565,-0.057178,-0.394974,-0.021322,0.916663
1295965784.246007,1295965784.259005,-1.902731,1.587988,0.000000,0.000000,0.000000,0.983844,0.179026,-4.287412,0.489077,2.917565,-0.057178,-0.394974,-0.021322,0.916663
1295965785.265012,1295965785.279007,-1.902731,1.587988,0.000000,0.000000,0.000000,0.983844,0.179026,-4.287412,0.489077,2.917565,-0.057178,-0.394974,-0.021322,0.916663
1295965786.897008,1295965786.911004,-1.902731,1.587988,0.000000,0.000000,0.000000,0.983844,0.179026,-4.287412,0.489077,2.917565,-0.057178,-0.394974,-0.021322,0.916663
1295965787.318013,1295965787.319021,-1.902731,1.587988,0.000000,0.000000,0.000000,0.983844,0.179026,-4.287412,0.489077,2.917565,-0.057178,-0.394974,-0.021322,0.916663
1295965787.919017,1295965787.931017,-1.902731,1.587988,0.000000,0.000000,0.000000,0.983844,0.179026,-4.287412,0.489077,2.917565,-0.057178,-0.394974,-0.021322,0.916663
1295965788.297025,1295965788.339005,-1.902731,1.587988,0.000000,0.000000,0.000000,0.983844,0.179026,-4.287412,0.489077,2.917565,-0.057178,-0.394974,-0.021322,0.916663
1295965789.353016,1295965789.359009,-1.902731,1.587988,0.000000,0.000000,0.000000,0.983845,0.179025,-4.287412,0.489077,2.917565,-0.057178,-0.394974,-0.021322,0.916663
1295965789.943007,1295965789.971005,-1.902731,1.587988,0.000000,0.000000,0.000000,0.983845,0.179025,-4.287412,0.489077,2.917565,-0.057178,-0.394974,-0.021322,0.916663
1295965790.374006,1295965790.379006,-1.902731,1.587988,0.000000,0.000000,0.000000,0.983845,0.179025,-4.287412,0.489077,2.917565,-0.057178,-0.394974,-0.021322,0.916663
1295965790.962007,1295965790.991005,-1.902731,1.587988,0.000000,0.000000,0.000000,0.983845,0.179025,-4.287412,0.489077,2.917565,-0.057178,-0.394974,-0.021322,0.916663
1295965791.372006,1295965791.399007,-1.902731,1.587988,0.000000,0.000000,0.000000,0.983845,0.179025,-4.287412,0.489077,2.917565,-0.057178,-0.394974,-0.021322,0.916663
1295965792.009017,1295965792.011005,-1.902731,1.587988,0.000000,0.000000,0.000000,0.983845,0.179025,-4.287412,0.489077,2.917565,-0.057178,-0.394974,-0.021322,0.916663
1295965792.399006,1295965792.419007,-1.904670,1.588125,0.000000,0.000000,0.000000,0.983791,0.179318,-4.287412,0.489077,2.917565,-0.057178,-0.394974,-0.021322,0.916663
1295965792.991005,1295965792.997005,-2.062083,1.619120,0.000000,0.000000,0.000000,0.984016,0.178082,-4.564610,0.528352,3.079639,-0.051440,-0.399210,-0.021138,0.915171
1295965793.417004,1295965793.439013,-2.282954,1.668193,0.000000,0.000000,0.000000,0.983859,0.178945,-6.891171,0.918266,4.612775,-0.053357,-0.402972,-0.019885,0.913439
1295965794.041013,1295965794.051011,-2.600442,1.754676,0.000000,0.000000,0.000000,0.978309,0.207151,-6.777466,0.961929,4.963547,-0.051922,-0.399272,-0.025098,0.915017
1295965794.429035,1295965794.459007,-2.767329,1.806418,0.000000,0.000000,0.000000,0.977918,0.208990,-7.360480,1.115648,5.417017,-0.051917,-0.401155,-0.024603,0.914207
1295965795.053020,1295965795.071005,-2.862931,1.841617,0.000000,0.000000,0.000000,0.978028,0.208475,-7.952616,1.193927,5.767807,-0.047931,-0.403051,-0.023916,0.913609
1295965796.106004,1295965796.125005,-3.076760,1.951040,0.000000,0.000000,0.000000,0.974470,0.224517,-8.332937,1.186831,6.381572,-0.049786,-0.399080,-0.025166,0.915217
1295965797.144008,1295965797.145005,-3.271901,2.045324,0.000000,0.000000,0.000000,0.973740,0.227663,-8.784213,1.299888,6.750277,-0.047439,-0.384773,-0.024870,0.921456
1295965797.482018,1295965797.519014,-3.336544,2.077015,0.000000,0.000000,0.000000,0.973853,0.227179,-8.784213,1.299888,6.750277,-0.047439,-0.384773,-0.024870,0.921456
1295965798.156030,1295965798.165006,-3.450752,2.136221,0.000000,0.000000,0.000000,0.966682,0.255982,-9.078503,1.341904,7.035664,-0.049626,-0.364179,-0.028649,0.929564
1295965798.503014,1295965798.539005,-3.493928,2.162661,0.000000,0.000000,0.000000,0.956893,0.290440,-9.078503,1.341904,7.035664,-0.049626,-0.364179,-0.028649,0.929564
1295965799.177029,1295965799.185005,-3.594219,2.228761,0.000000,0.000000,0.000000,0.956149,0.292882,-9.222162,1.376841,7.133248,-0.048555,-0.363878,-0.029231,0.929721
1295965799.555004,1295965799.559004,-3.673366,2.281687,0.000000,0.000000,0.000000,0.956375,0.292141,-9.222162,1.376841,7.133248,-0.048555,-0.363878,-0.029231,0.929721
1295965800.198013,1295965800.205006,-3.809370,2.356717,0.000000,0.000000,0.000000,0.981776,0.190040,-9.365075,1.399368,7.211537,-0.050485,-0.464149,-0.022556,0.884029
1295965800.578005,1295965800.579005,-3.897897,2.392405,0.000000,0.000000,0.000000,0.984691,0.174308,-9.365075,1.399368,7.211537,-0.050485,-0.464149,-0.022556,0.884029
1295965801.201004,1295965801.225005,-4.117240,2.470778,0.000000,0.000000,0.000000,0.985255,0.171092,-9.644347,1.425445,7.358622,-0.053399,-0.468612,-0.025739,0.881413
1295965801.581009,1295965801.599005,-4.249303,2.517095,0.000000,0.000000,0.000000,0.985325,0.170687,-9.787229,1.457253,7.441218,-0.054112,-0.469934,-0.025649,0.880668
1295965802.619005,1295965802.619005,-4.667139,2.652976,0.000000,0.000000,0.000000,0.985763,0.168142,-10.264551,1.539155,7.705134,-0.050980,-0.478896,-0.023743,0.876068
1295965803.257007,1295965803.265004,-4.891276,2.720809,0.000000,0.000000,0.000000,0.985909,0.167281,-10.564117,1.600909,7.848354,-0.057293,-0.483963,-0.025193,0.872848
1295965804.278026,1295965804.285004,-4.892278,2.721109,0.000000,0.000000,0.000000,0.985939,0.167106,-10.564117,1.600909,7.848354,-0.057293,-0.483963,-0.025193,0.872848
1295965804.688023,1295965804.693005,-4.892168,2.721077,0.000000,0.000000,0.000000,0.985938,0.167109,-10.564117,1.600909,7.848354,-0.057293,-0.483963,-0.025193,0.872848
1295965805.710026,1295965805.713008,-4.892021,2.721033,0.000000,0.000000,0.000000,0.985938,0.167113,-10.564117,1.600909,7.848354,-0.057293,-0.483963,-0.025193,0.872848
1295965807.783016,1295965807.787014,-5.569406,2.770655,0.000000,0.000000,0.000000,0.973680,0.227921,-11.418363,1.593474,7.879254,-0.053299,-0.430372,-0.031458,0.900527
1295965808.345017,1295965808.365007,-5.853520,2.874816,0.000000,0.000000,0.000000,0.927950,0.372704,-11.418363,1.593474,7.879254,-0.053299,-0.430372,-0.031458,0.900527
1295965808.834006,1295965808.841005,-6.075988,3.021709,0.000000,0.000000,0.000000,0.918158,0.396216,-11.739338,1.640568,8.025538,-0.053657,-0.412118,-0.034166,0.908907
1295965809.381022,1295965809.385004,-6.304847,3.207672,0.000000,0.000000,0.000000,0.917459,0.397829,-12.086149,1.710944,8.213715,-0.052932,-0.416624,-0.033405,0.906922
1295965809.846007,1295965809.861005,-6.499174,3.364784,0.000000,0.000000,0.000000,0.922294,0.386490,-12.383671,1.746367,8.308250,-0.053359,-0.426766,-0.033276,0.902173
1295965810.394013,1295965810.405005,-6.736008,3.538423,0.000000,0.000000,0.000000,0.930879,0.365328,-12.383671,1.746367,8.308250,-0.053359,-0.426766,-0.033276,0.902173
1295965810.857030,1295965810.881020,-6.940924,3.681475,0.000000,0.000000,0.000000,0.936245,0.351347,-12.713586,1.790867,8.433697,-0.055270,-0.440550,-0.033301,0.895406
1295965811.405041,1295965811.425021,-7.190494,3.835581,0.000000,0.000000,0.000000,0.947488,0.319792,-13.244169,1.837209,8.610465,-0.059705,-0.474267,-0.032044,0.877769
1295965811.873026,1295965811.901008,-7.409675,3.959686,0.000000,0.000000,0.000000,0.951024,0.309117,-13.537096,1.898929,8.717247,-0.058066,-0.486149,-0.030218,0.871421
1295965812.438005,1295965812.445007,-7.681785,4.090972,0.000000,0.000000,0.000000,0.962686,0.270620,-14.016829,2.059226,8.873860,-0.053812,-0.531712,-0.022947,0.844902
1295965812.925033,1295965812.955007,-7.919214,4.198807,0.000000,0.000000,0.000000,0.963118,0.269079,-14.575606,2.201510,9.024271,-0.050592,-0.539831,-0.019877,0.840017
1295965813.432013,1295965813.465013,-8.165990,4.310238,0.000000,0.000000,0.000000,0.963192,0.268813,-14.916030,2.274335,9.130315,-0.050120,-0.544465,-0.021110,0.837019
1295965813.953013,1295965813.975007,-8.422108,4.422752,0.000000,0.000000,0.000000,0.965049,0.262070,-15.198388,2.338429,9.215796,-0.043783,-0.556419,-0.018163,0.829549
1295965814.448004,1295965814.485006,-8.664628,4.532114,0.000000,0.000000,0.000000,0.965171,0.261619,-15.712206,2.371786,9.297517,-0.045701,-0.560433,-0.016605,0.826771
1295965814.952010,1295965814.961005,-8.909890,4.641805,0.000000,0.000000,0.000000,0.965108,0.261854,-15.918595,2.404524,9.359520,-0.048513,-0.567694,-0.015374,0.821665
1295965815.496015,1295965815.505005,-9.176654,4.758906,0.000000,0.000000,0.000000,0.966270,0.257532,-16.462647,2.443652,9.453492,-0.050540,-0.576945,-0.018073,0.815017
1295965816.002005,1295965816.015009,-9.425755,4.866708,0.000000,0.000000,0.000000,0.966469,0.256783,-16.715924,2.490558,9.482682,-0.047845,-0.578432,-0.016163,0.814166
1295965816.513011,1295965816.525006,-9.674671,4.978193,0.000000,0.000000,0.000000,0.961004,0.276535,-16.879705,2.798152,9.492325,-0.025421,-0.573976,-0.000200,0.818478
1295965817.021013,1295965817.035007,-9.915428,5.106727,0.000000,0.000000,0.000000,0.949076,0.315048,-17.259521,2.847923,9.609565,-0.024435,-0.546469,-0.005031,0.837108
1295965817.527005,1295965817.545008,-10.132231,5.264730,0.000000,0.000000,0.000000,0.909814,0.415017,-17.855910,2.865487,9.827129,-0.021894,-0.456449,-0.009937,0.889425
1295965818.031004,1295965818.055004,-10.299049,5.468586,0.000000,0.000000,0.000000,0.839972,0.542630,-17.856882,2.870798,9.876610,-0.015906,-0.344243,-0.009981,0.938693
1295965818.535005,1295965818.565005,-10.389912,5.713040,0.000000,0.000000,0.000000,0.727748,0.685844,-17.856882,2.870798,9.876610,-0.015906,-0.344243,-0.009981,0.938693
1295965819.000010,1295965819.007006,-10.393088,5.952314,0.000000,0.000000,0.000000,0.613734,0.789513,-17.856882,2.870798,9.876610,-0.015906,-0.344243,-0.009981,0.938693
1295965819.578013,1295965819.585009,-10.327209,6.251765,0.000000,0.000000,0.000000,0.590074,0.807349,-18.270037,2.902445,10.368152,-0.015963,-0.324320,-0.010823,0.945751
1295965820.094024,1295965820.095008,-10.256115,6.516601,0.000000,0.000000,0.000000,0.576407,0.817163,-18.658184,2.925695,10.824924,-0.016722,-0.324334,-0.015779,0.945663
1295965820.599037,1295965820.605014,-10.158753,6.768570,0.000000,0.000000,0.000000,0.507021,0.861934,-19.736462,2.999322,12.121475,-0.016443,-0.249851,-0.015810,0.968015
1295965821.076036,1295965821.115005,-10.042616,6.996649,0.000000,0.000000,0.000000,0.490802,0.871271,-19.868646,2.967558,12.332520,-0.019613,-0.235678,-0.018714,0.971453
1295965821.624014,1295965821.625005,-9.904742,7.256255,0.000000,0.000000,0.000000,0.493047,0.870003,-21.040972,3.218704,14.159977,-0.017857,-0.248178,-0.014558,0.968440
1295965822.127014,1295965822.135007,-9.780048,7.493346,0.000000,0.000000,0.000000,0.493673,0.869648,-21.163738,3.219116,14.361406,-0.018621,-0.258597,-0.011629,0.965736
1295965822.636007,1295965822.645007,-9.636366,7.722369,0.000000,0.000000,0.000000,0.418478,0.908227,-22.499415,3.602656,16.557182,-0.017007,-0.180893,-0.012603,0.983275
1295965823.140025,1295965823.155004,-9.466600,7.931396,0.000000,0.000000,0.000000,0.402074,0.915607,-23.600325,3.733153,19.678430,-0.017253,-0.169655,-0.011625,0.985284
1295965823.643004,1295965823.665010,-9.290278,8.133734,0.000000,0.000000,0.000000,0.401903,0.915682,-24.220376,4.475255,20.768115,-0.016252,-0.176615,-0.009469,0.984100
1295965824.164006,1295965824.175006,-9.105047,8.341024,0.000000,0.000000,0.000000,0.404936,0.914345,-25.622165,4.883143,23.600247,-0.014470,-0.189777,-0.008328,0.981685
1295965824.668020,1295965824.685004,-8.926114,8.542444,0.000000,0.000000,0.000000,0.408131,0.912923,-26.896747,4.890544,26.247256,-0.016927,-0.201305,-0.007420,0.979354
1295965825.172008,1295965825.195007,-8.753106,8.750540,0.000000,0.000000,0.000000,0.409583,0.912273,-27.011454,4.898835,26.490858,-0.015300,-0.208261,-0.006339,0.977933
1295965825.681005,1295965825.705006,-8.582649,8.963176,0.000000,0.000000,0.000000,0.410370,0.911919,-27.128634,4.935133,26.644216,-0.012568,-0.212157,-0.006873,0.977131
1295965826.183004,1295965826.215004,-8.417004,9.172267,0.000000,0.000000,0.000000,0.413126,0.910674,-27.679357,5.212746,27.454427,-0.009388,-0.222577,-0.006348,0.974849
1295965826.701007,1295965826.725010,-8.246829,9.389613,0.000000,0.000000,0.000000,0.412234,0.911078,-27.810892,5.220349,27.660556,-0.009299,-0.230810,-0.006310,0.972934
1295965827.252006,1295965827.269014,-8.053043,9.611332,0.000000,0.000000,0.000000,0.354230,0.935158,-28.916787,5.229570,29.471440,-0.012352,-0.173856,-0.006667,0.984671
1295965827.706009,1295965827.745005,-7.879160,9.778823,0.000000,0.000000,0.000000,0.341391,0.939922,-30.014705,5.225822,32.512436,-0.015708,-0.170206,-0.005846,0.985266
1295965828.256010,1295965828.289010,-7.660112,9.972088,0.000000,0.000000,0.000000,0.339902,0.940461,-31.855497,5.323998,35.208566,-0.014637,-0.170665,-0.005506,0.985205
1295965828.756010,1295965828.765006,-7.455204,10.143287,0.000000,0.000000,0.000000,0.336998,0.941506,-32.951504,5.392659,37.275453,-0.014195,-0.169303,-0.005828,0.985445
1295965829.270010,1295965829.309006,-7.243294,10.318097,0.000000,0.000000,0.000000,0.338875,0.940831,-33.062266,5.416498,37.509405,-0.012714,-0.177870,-0.005671,0.983956
1295965829.774011,1295965829.785005,-7.037248,10.490309,0.000000,0.000000,0.000000,0.343302,0.939225,-33.173757,5.423437,37.717294,-0.013055,-0.189574,-0.003251,0.981774
1295965830.322005,1295965830.329005,-6.813310,10.678792,0.000000,0.000000,0.000000,0.341927,0.939727,-33.295847,5.429614,37.931869,-0.014289,-0.188236,-0.004102,0.982011
1295965830.787007,1295965830.805006,-6.622803,10.838428,0.000000,0.000000,0.000000,0.342369,0.939566,-34.068255,5.593093,39.001861,-0.012408,-0.184795,-0.001854,0.982697
1295965831.335007,1295965831.349006,-6.400097,11.026721,0.000000,0.000000,0.000000,0.346499,0.938050,-34.633972,5.663395,40.216159,-0.012166,-0.197537,-0.001492,0.980219
1295965831.797017,1295965831.825007,-6.213048,11.187476,0.000000,0.000000,0.000000,0.349434,0.936961,-35.442264,5.752123,41.079150,-0.010412,-0.193227,-0.000376,0.981099
1295965832.369007,1295965832.369005,-5.981503,11.389119,0.000000,0.000000,0.000000,0.352497,0.935813,-35.788549,5.996268,41.438758,0.005113,-0.184364,0.016115,0.982713
1295965832.802028,1295965832.845015,-5.804604,11.534413,0.000000,0.000000,0.000000,0.317505,0.948256,-35.835150,5.772202,42.549606,0.002572,-0.159499,0.009705,0.987147
1295965833.350005,1295965833.389005,-5.565701,11.699177,0.000000,0.000000,0.000000,0.285243,0.958455,-34.771391,5.489101,44.300290,0.001413,-0.147354,0.013136,0.988996
1295965833.856006,1295965833.865008,-5.339399,11.847410,0.000000,0.000000,0.000000,0.285317,0.958433,-33.617264,5.264860,45.887383,-0.001226,-0.169526,0.015590,0.985402
1295965834.406020,1295965834.409007,-5.089005,11.999201,0.000000,0.000000,0.000000,0.233649,0.972321,-34.128517,5.244363,45.620078,-0.001712,-0.126289,0.012905,0.991908
1295965835.426010,1295965835.429005,-4.569333,12.136306,0.000000,0.000000,0.000000,0.013559,0.999908,-33.923247,5.258050,48.583211,-0.009405,0.071244,0.006639,0.997392
1295965836.433019,1295965836.449007,-4.046330,12.039516,0.000000,0.000000,0.000000,-0.205836,0.978587,-33.044637,5.638302,50.406429,0.002184,0.284743,0.007885,0.958569
1295965836.901008,1295965836.925019,-3.829891,11.918086,0.000000,0.000000,0.000000,-0.308064,0.951366,-31.653098,5.886830,52.580368,0.003245,0.384421,0.006477,0.923130
1295965837.465004,1295965837.469007,-3.606352,11.718564,0.000000,0.000000,0.000000,-0.398896,0.916996,-30.797051,6.019636,54.175202,0.002718,0.477024,0.003601,0.878879
1295965837.938007,1295965837.945010,-3.432522,11.533289,0.000000,0.000000,0.000000,-0.400778,0.916175,-30.466829,6.093047,54.427690,0.005310,0.472875,0.002002,0.881111
1295965838.465023,1295965838.489018,-3.240075,11.326065,0.000000,0.000000,0.000000,-0.400200,0.916428,-29.982808,6.130630,54.716468,0.004106,0.466655,-0.000845,0.884429
1295965838.937009,1295965838.965014,-3.067244,11.140794,0.000000,0.000000,0.000000,-0.398556,0.917144,-28.431580,6.553484,56.174947,0.009079,0.463012,-0.002137,0.886303
1295965839.982012,1295965839.985009,-2.686274,10.735816,0.000000,0.000000,0.000000,-0.396378,0.918087,-26.701635,6.502988,57.734189,0.005100,0.449038,0.000111,0.893498
1295965840.992009,1295965841.005005,-2.337368,10.329094,0.000000,0.000000,0.000000,-0.493918,0.869508,-22.945331,5.885792,60.564430,-0.000444,0.526705,-0.000381,0.850048
1295965841.540016,1295965841.549006,-2.212024,10.069359,0.000000,0.000000,0.000000,-0.558925,0.829218,-20.391204,6.221227,61.970478,-0.000219,0.590140,-0.000723,0.807301
1295965842.552011,1295965842.569010,-2.007990,9.571618,0.000000,0.000000,0.000000,-0.555433,0.831561,-17.468331,6.420410,63.272184,0.000426,0.572721,0.000079,0.819750
1295965843.561004,1295965843.589005,-1.829147,9.064135,0.000000,0.000000,0.000000,-0.643413,0.765520,-13.363144,6.232508,64.903123,-0.000699,0.649161,0.008683,0.760601
1295965844.026010,1295965844.065006,-1.814654,8.819605,0.000000,0.000000,0.000000,-0.737378,0.675480,-12.545273,6.163241,64.282987,-0.019308,0.721912,-0.000144,0.691715
1295965844.577004,1295965844.609004,-1.885284,8.542323,0.000000,0.000000,0.000000,-0.843149,0.537680,-12.963333,6.020867,66.416155,-0.077340,0.876691,0.034321,0.473553
1295965845.045009,1295965845.085005,-2.015360,8.336472,0.000000,0.000000,0.000000,-0.911144,0.412089,-13.328316,5.975446,67.065833,-0.075689,0.928854,0.028375,0.361518
1295965845.589005,1295965845.629005,-2.231901,8.153928,0.000000,0.000000,0.000000,-0.966190,0.257830,-13.253307,5.927650,66.852960,-0.100545,0.957721,0.022883,0.268583
1295965846.092012,1295965846.105011,-2.472355,8.045929,0.000000,0.000000,0.000000,-0.986282,0.165068,-13.125394,5.961312,66.615724,-0.104255,0.977042,0.012929,0.185346
1295965846.641024,1295965846.649005,-2.747676,7.950211,0.000000,0.000000,0.000000,-0.987149,0.159801,-13.002729,5.992390,66.404712,-0.104200,0.976676,0.013470,0.187259
1295965847.655034,1295965847.669025,-3.275392,7.846899,0.000000,0.000000,0.000000,-0.999999,0.001518,-12.821643,6.013556,65.790836,-0.107417,0.993494,-0.000557,0.037819
1295965848.141010,1295965848.145005,-3.532147,7.868828,0.000000,0.000000,-0.000000,-0.996000,-0.089357,-12.630993,6.182911,63.001019,-0.108241,0.992809,-0.010151,-0.050105
1295965848.681006,1295965848.689009,-3.817328,7.904415,0.000000,0.000000,-0.000000,-0.999772,-0.021337,-12.597079,6.187174,62.628707,-0.105381,0.994194,-0.000989,0.021711
1295965849.145007,1295965849.165006,-4.064557,7.909868,0.000000,0.000000,0.000000,-0.999999,0.001316,-12.539026,6.202391,62.306336,-0.105731,0.993038,-0.000104,0.051922
1295965850.183005,1295965850.185005,-4.615452,7.905628,0.000000,0.000000,0.000000,-0.999977,0.006708,-12.703853,6.249499,62.027135,-0.108377,0.991213,-0.004470,0.075708
1295965850.719007,1295965850.729007,-4.900286,7.901181,0.000000,0.000000,0.000000,-0.999965,0.008369,-12.621406,6.249907,61.645646,-0.107059,0.990685,-0.000897,0.084145
1295965851.192008,1295965851.205007,-5.150921,7.896912,0.000000,0.000000,0.000000,-0.999967,0.008109,-12.556101,6.247690,61.350196,-0.106675,0.990477,0.000161,0.087044
1295965851.719006,1295965851.749004,-5.430945,7.886561,0.000000,0.000000,0.000000,-0.998987,0.045002,-12.800174,6.211441,61.273689,-0.107577,0.984796,0.003242,0.136359
1295965852.753015,1295965852.769009,-5.970114,7.797210,0.000000,0.000000,0.000000,-0.995701,0.092627,-12.503492,6.304057,60.639320,-0.107153,0.975190,0.007825,0.193549
1295965853.216009,1295965853.245010,-6.212266,7.751249,0.000000,0.000000,0.000000,-0.995514,0.094612,-12.322368,6.307054,60.661484,-0.108460,0.974915,0.004525,0.194309
1295965853.768011,1295965853.789007,-6.500593,7.694496,0.000000,0.000000,0.000000,-0.995025,0.099621,-12.167378,6.342704,60.343909,-0.109195,0.972546,0.005338,0.205431
1295965854.234018,1295965854.265025,-6.743406,7.643555,0.000000,0.000000,0.000000,-0.994221,0.107354,-12.036976,6.384971,60.036886,-0.109557,0.969421,0.006299,0.219499
1295965854.797012,1295965854.809010,-7.031577,7.563588,0.000000,0.000000,0.000000,-0.988654,0.150211,-11.853237,6.421456,59.740922,-0.107299,0.957084,0.010716,0.269002
1295965855.254004,1295965855.285006,-7.262417,7.485931,0.000000,0.000000,0.000000,-0.983798,0.179283,-11.616829,6.473459,59.486591,-0.104919,0.946461,0.016353,0.304854
1295965856.286007,1295965856.305007,-7.770773,7.282922,0.000000,0.000000,0.000000,-0.978263,0.207369,-11.075252,6.529984,58.873810,-0.103369,0.933753,0.023316,0.341871
1295965856.813012,1295965856.849006,-8.022069,7.161062,0.000000,0.000000,0.000000,-0.966563,0.256430,-9.951134,6.781979,57.927561,-0.100033,0.912544,0.029496,0.395458
1295965857.323006,1295965857.325007,-8.166595,7.067824,0.000000,0.000000,0.000000,-0.951016,0.309141,-9.951134,6.781979,57.927561,-0.100033,0.912544,0.029496,0.395458
1295965858.338005,1295965858.345006,-8.291389,6.976104,0.000000,0.000000,0.000000,-0.949459,0.313892,-9.798475,6.809779,57.797272,-0.101215,0.911520,0.029456,0.397517
1295965858.875006,1295965858.889005,-8.408303,6.889084,0.000000,0.000000,0.000000,-0.949212,0.314638,-9.351054,6.999058,57.468662,-0.097776,0.910682,0.026976,0.400462
1295965859.348012,1295965859.365004,-8.582373,6.758957,0.000000,0.000000,0.000000,-0.948639,0.316360,-9.182464,7.049482,57.378137,-0.098259,0.909612,0.027448,0.402738
1295965859.899007,1295965859.909009,-8.816694,6.581926,0.000000,0.000000,0.000000,-0.947823,0.318796,-8.740675,7.330299,56.954778,-0.092904,0.905844,0.021464,0.412741
1295965860.354006,1295965860.385010,-9.010212,6.435236,0.000000,0.000000,0.000000,-0.947695,0.319177,-8.052970,7.416391,56.350675,-0.091978,0.903099,0.024764,0.418734
1295965860.914009,1295965860.929007,-9.251227,6.260944,0.000000,0.000000,0.000000,-0.956962,0.290213,-8.052970,7.416391,56.350675,-0.091978,0.903099,0.024764,0.418734
1295965862.959006,1295965862.969007,-10.274636,6.067762,0.000000,0.000000,-0.000000,-0.986306,-0.164926,-6.443434,7.899957,56.434293,-0.025167,0.996308,-0.057735,-0.058343
1295965863.972029,1295965863.989005,-10.712137,6.361495,0.000000,0.000000,-0.000000,-0.907663,-0.419700,-6.524076,7.857821,56.315911,-0.030288,0.953581,-0.081732,-0.288247
1295965866.494013,1295965866.505020,-10.908942,7.624214,0.000000,0.000000,-0.000000,-0.624146,-0.781308,-8.524480,7.486982,55.293071,0.006029,-0.738125,0.075111,0.670443
1295965867.042026,1295965867.049015,-10.877778,7.910491,0.000000,0.000000,-0.000000,-0.722512,-0.691358,-8.333243,7.554403,55.518597,-0.011642,-0.751919,0.122436,0.647682
1295965867.521017,1295965867.525009,-10.919493,8.154850,0.000000,0.000000,-0.000000,-0.806388,-0.591387,-8.257184,7.567055,55.519118,-0.068875,-0.774244,0.117924,0.617978
1295965868.060025,1295965868.069011,-11.011992,8.424143,0.000000,0.000000,-0.000000,-0.820581,-0.571531,-8.598163,7.621867,55.304878,-0.066611,-0.789310,0.130313,0.596298
1295965868.535014,1295965868.545021,-11.099791,8.661126,0.000000,0.000000,-0.000000,-0.820901,-0.571070,-8.863171,7.603464,55.299594,-0.066649,-0.795593,0.131808,0.587552
1295965869.053035,1295965869.089026,-11.195385,8.918839,0.000000,0.000000,-0.000000,-0.820728,-0.571320,-9.182691,8.103217,55.024611,-0.060780,-0.782725,0.162648,0.597656
1295965869.559029,1295965869.565006,-11.274655,9.173381,0.000000,0.000000,-0.000000,-0.774759,-0.632256,-9.721973,8.008955,54.917103,-0.068608,-0.745461,0.153142,0.645081
1295965870.066024,1295965870.109007,-11.289830,9.434977,0.000000,0.000000,-0.000000,-0.676506,-0.736437,-8.894289,8.123811,54.939018,-0.101502,-0.667455,0.180808,0.715199
1295965870.572006,1295965870.585005,-11.264074,9.702489,0.000000,0.000000,-0.000000,-0.665275,-0.746598,-9.129110,8.077311,54.983470,-0.109392,-0.667768,0.176899,0.714721
1295965871.120017,1295965871.129005,-11.233152,9.993482,0.000000,0.000000,-0.000000,-0.676490,-0.736451,-9.529927,8.046636,54.968873,-0.104600,-0.677612,0.178981,0.705597
1295965871.592024,1295965871.605006,-11.217587,10.243338,0.000000,0.000000,-0.000000,-0.677867,-0.735184,-9.992079,7.872500,54.840001,-0.104205,-0.684184,0.176327,0.699959
1295965872.141013,1295965872.149006,-11.143586,10.517041,0.000000,0.000000,-0.000000,-0.520215,-0.854036,-9.992079,7.872500,54.840001,-0.104205,-0.684184,0.176327,0.699959
1295965872.624010,1295965872.625005,-10.997421,10.717103,0.000000,0.000000,-0.000000,-0.366579,-0.930387,-9.992079,7.872500,54.840001,-0.104205,-0.684184,0.176327,0.699959
1295965873.149009,1295965873.169005,-10.774690,10.874754,0.000000,0.000000,-0.000000,-0.244451,-0.969662,-10.081765,7.895440,54.921825,-0.124611,-0.588689,0.158899,0.782732
1295965873.615004,1295965873.645004,-10.557697,10.992183,0.000000,0.000000,-0.000000,-0.239635,-0.970863,-10.256439,7.864746,55.086678,-0.127047,-0.600023,0.145378,0.776335
1295965874.180032,1295965874.189008,-10.282407,11.106928,0.000000,0.000000,-0.000000,-0.135615,-0.990762,-10.505822,7.924512,55.298085,-0.140846,-0.529325,0.133446,0.825936
1295965874.655020,1295965874.665006,-10.038731,11.158371,0.000000,0.000000,-0.000000,-0.079580,-0.996829,-11.781925,8.192480,55.828309,-0.147276,-0.479087,0.131712,0.855241
1295965875.192019,1295965875.209006,-9.756633,11.203608,0.000000,0.000000,-0.000000,-0.079583,-0.996828,-12.326710,8.250969,56.110272,-0.146148,-0.491660,0.135762,0.847632
1295965875.680015,1295965875.685011,-9.498714,11.243497,0.000000,0.000000,-0.000000,-0.067288,-0.997734,-13.007536,8.339572,56.275332,-0.142397,-0.480857,0.135586,0.854468
1295965876.189011,1295965876.229006,-9.230476,11.246366,0.000000,-0.000000,0.000000,0.063652,-0.997972,-12.440614,8.096884,55.588846,-0.159692,-0.364290,0.115072,0.910247
1295965876.692009,1295965876.705005,-8.977036,11.177386,0.000000,-0.000000,0.000000,0.211576,-0.977361,-20.700213,12.059206,65.403624,-0.175412,-0.232010,0.106450,0.950826
1295965877.238014,1295965877.249010,-8.736884,11.024618,0.000000,-0.000000,0.000000,0.349170,-0.937059,-18.637635,13.877481,67.423061,-0.160983,-0.404315,0.183308,0.881483
1295965877.721013,1295965877.725005,-8.544252,10.854798,0.000000,-0.000000,0.000000,0.362640,-0.931929,-18.824830,13.892836,67.525882,-0.163172,-0.391375,0.180800,0.887419
1295965878.709008,1295965878.745006,-8.156036,10.495581,0.000000,-0.000000,0.000000,0.356640,-0.934242,-21.383192,14.156606,69.100274,-0.159896,-0.404768,0.182572,0.881625
1295965879.269016,1295965879.289006,-7.917057,10.317244,0.000000,-0.000000,0.000000,0.264359,-0.964424,-24.248811,14.476833,70.418463,-0.137517,-0.494750,0.202212,0.833919
1295965879.764006,1295965879.765006,-7.681871,10.203942,0.000000,-0.000000,0.000000,0.176159,-0.984362,-27.558222,16.046280,70.198663,-0.105714,-0.567035,0.227024,0.784701
1295965880.776005,1295965880.785006,-7.160242,10.080643,0.000000,-0.000000,0.000000,0.081818,-0.996647,-30.896861,14.956293,70.515719,-0.083186,-0.647753,0.237481,0.719096
1295965881.326009,1295965881.329005,-6.870552,10.033224,0.000000,-0.000000,0.000000,0.078561,-0.996909,-34.171055,14.302360,70.910376,-0.079906,-0.656055,0.237365,0.711945
1295965882.334013,1295965882.349005,-6.342955,9.940158,0.000000,-0.000000,0.000000,0.138131,-0.990414,-36.138617,13.991236,70.983560,-0.084837,-0.621897,0.240324,0.740467
1295965883.843010,1295965883.845006,-5.607833,9.624067,0.000000,-0.000000,0.000000,0.213911,-0.976853,-42.800250,13.553652,72.231442,-0.104964,-0.559584,0.240583,0.786110
1295965884.361004,1295965884.389004,-5.363687,9.496378,0.000000,-0.000000,0.000000,0.270505,-0.962719,-43.021566,13.540263,72.342995,-0.116507,-0.516829,0.232896,0.815520
1295965884.826028,1295965884.865021,-5.152215,9.367637,0.000000,-0.000000,0.000000,0.272646,-0.962114,-43.731542,13.479027,72.584403,-0.115108,-0.521643,0.232777,0.812683
1295965885.396042,1295965885.409014,-4.892322,9.208690,0.000000,-0.000000,0.000000,0.269622,-0.962966,-46.738796,13.476026,73.846813,-0.110482,-0.532101,0.237720,0.805078
1295965885.881021,1295965885.885007,-4.671984,9.074371,0.000000,-0.000000,0.000000,0.271151,-0.962537,-48.317132,13.365845,74.507013,-0.108756,-0.535340,0.236985,0.803381
1295965886.387022,1295965886.429006,-4.442005,8.933691,0.000000,-0.000000,0.000000,0.269345,-0.963044,-48.445631,13.341679,74.614149,-0.104710,-0.547091,0.233123,0.797108
1295965887.414016,1295965887.449005,-3.979184,8.641859,0.000000,-0.000000,0.000000,0.315108,-0.949056,-49.652962,13.093294,74.939321,-0.112711,-0.513133,0.220379,0.821842
1295965887.925004,1295965887.925005,-3.763314,8.475034,0.000000,-0.000000,0.000000,0.334841,-0.942275,-50.106192,13.065853,75.154478,-0.114966,-0.507330,0.221534,0.824816
1295965888.445005,1295965888.469005,-3.549526,8.301623,0.000000,-0.000000,0.000000,0.336378,-0.941727,-54.089593,12.787099,77.066000,-0.110900,-0.512514,0.217877,0.823140
1295965888.894010,1295965888.945008,-3.365269,8.151346,0.000000,-0.000000,0.000000,0.335596,-0.942006,-54.303793,11.707303,75.087293,-0.114483,-0.505803,0.222347,0.825602
1295965889.486006,1295965889.489008,-3.120591,7.952263,0.000000,-0.000000,0.000000,0.335219,-0.942140,-54.367036,11.466650,74.700403,-0.115386,-0.509919,0.219211,0.823781
1295965890.505009,1295965890.509007,-2.699665,7.612704,0.000000,-0.000000,0.000000,0.330758,-0.943716,-60.885903,10.226334,78.491551,-0.116283,-0.534056,0.215479,0.809216
1295965890.961006,1295965890.985011,-2.511978,7.459052,0.000000,-0.000000,0.000000,0.351303,-0.936262,-61.397139,8.095193,80.379954,-0.140554,-0.530347,0.196151,0.812713
1295965891.512007,1295965891.529005,-2.330366,7.236572,0.000000,-0.000000,0.000000,0.514028,-0.857773,-61.397139,8.095193,80.379954,-0.140554,-0.530347,0.196151,0.812713
1295965891.970011,1295965892.005007,-2.248372,7.013531,0.000000,-0.000000,0.000000,0.637176,-0.770718,-61.081247,7.913866,79.111849,-0.166768,-0.432564,0.155404,0.872311
1295965892.533004,1295965892.549005,-2.205878,6.719461,0.000000,-0.000000,0.000000,0.666669,-0.745354,-61.439439,9.158801,78.947961,-0.167175,-0.390885,0.159765,0.890919
1295965892.985012,1295965893.025005,-2.180115,6.478602,0.000000,-0.000000,0.000000,0.674250,-0.738503,-63.057133,9.757393,80.466443,-0.166305,-0.392178,0.161500,0.890200
1295965893.553010,1295965893.569012,-2.192947,6.178750,0.000000,-0.000000,0.000000,0.771226,-0.636561,-58.505777,12.285133,79.141797,-0.145181,-0.364721,0.128004,0.910778
1295965894.039006,1295965894.045018,-2.267736,5.934913,0.000000,-0.000000,0.000000,0.838084,-0.545542,-60.067354,12.598223,81.031487,-0.159847,-0.262367,0.110818,0.945162
1295965895.055009,1295965895.065005,-2.512479,5.454023,0.000000,-0.000000,0.000000,0.891464,-0.453091,-62.366099,13.711269,84.687186,-0.171680,-0.172336,0.088364,0.965929
1295965896.066006,1295965896.085005,-2.918680,5.110206,0.000000,-0.000000,0.000000,0.969079,-0.246751,-62.286121,14.123006,85.652373,-0.174357,-0.098295,0.061790,0.977814
1295965896.614012,1295965896.629005,-3.178348,4.979132,0.000000,-0.000000,0.000000,0.975249,-0.221108,-62.403784,14.272228,85.985791,-0.176261,-0.079247,0.057498,0.979462
1295965897.084006,1295965897.105005,-3.404521,4.870271,0.000000,-0.000000,0.000000,0.975002,-0.222195,-62.379354,14.391337,86.185891,-0.172531,-0.094844,0.060510,0.978558
1295965897.621005,1295965897.649005,-3.662741,4.745494,0.000000,-0.000000,0.000000,0.974725,-0.223408,-63.094781,14.037333,86.335070,-0.185579,-0.091597,0.061707,0.976403
1295965898.668010,1295965898.669004,-4.143173,4.465280,0.000000,-0.000000,0.000000,0.951239,-0.308455,-63.265702,14.194189,86.742451,-0.176659,-0.193100,0.081242,0.961719
1295965899.684006,1295965899.689010,-4.574800,4.138892,0.000000,-0.000000,0.000000,0.952938,-0.303166,-66.654088,15.915342,91.732587,-0.179301,-0.208865,0.085028,0.957599
1295965900.150018,1295965900.165018,-4.791258,4.025869,0.000000,-0.000000,0.000000,0.986109,-0.166098,-66.654088,15.915342,91.732587,-0.179301,-0.208865,0.085028,0.957599
1295965900.696026,1295965900.709042,-5.070897,3.974639,0.000000,0.000000,0.000000,1.000000,0.000161,-56.123591,18.782854,91.157062,-0.067313,-0.281121,0.032803,0.956747
1295965902.178033,1295965902.205028,-5.762012,4.278026,0.000000,0.000000,0.000000,0.919921,0.392103,-56.169673,18.786238,91.309447,-0.066867,0.058832,0.005768,0.996009
1295965903.191009,1295965903.225005,-6.130766,4.669651,0.000000,0.000000,0.000000,0.916385,0.400298,-56.172151,18.934048,91.864938,-0.062374,0.054387,0.008795,0.996531
1295965904.235007,1295965904.245008,-6.461134,5.107248,0.000000,0.000000,0.000000,0.837726,0.546091,-56.050723,19.042181,92.567129,-0.064710,0.213073,-0.009746,0.974842
1295965904.772018,1295965904.789005,-6.572212,5.370897,0.000000,0.000000,0.000000,0.827013,0.562182,-55.957676,19.095484,92.846156,-0.062976,0.227151,-0.010369,0.971766
1295965905.265005,1295965905.265005,-6.669858,5.616465,0.000000,0.000000,0.000000,0.827789,0.561039,-55.844501,19.136884,93.117108,-0.063673,0.223404,-0.008544,0.972606
1295965906.817015,1295965906.829006,-6.981837,6.381732,0.000000,0.000000,0.000000,0.831790,0.555091,-55.585766,19.268630,93.888910,-0.058836,0.196266,-0.007430,0.978756
1295965907.286010,1295965907.305005,-7.077713,6.610851,0.000000,0.000000,0.000000,0.833132,0.553074,-55.772964,19.232919,94.038662,-0.061359,0.194590,-0.008882,0.978923
1295965907.835008,1295965907.849005,-7.191662,6.879752,0.000000,0.000000,0.000000,0.834379,0.551191,-55.694105,19.278479,94.315188,-0.061517,0.187378,-0.008561,0.980322
1295965908.309038,1295965908.325011,-7.290658,7.111608,0.000000,0.000000,0.000000,0.834306,0.551302,-55.640516,19.336619,94.605512,-0.058868,0.183570,-0.009541,0.981196
1295965909.317008,1295965909.345007,-7.500150,7.604328,0.000000,0.000000,0.000000,0.832477,0.554060,-55.412360,19.470911,95.401940,-0.058637,0.176153,-0.006213,0.982595
1295965909.864015,1295965909.889027,-7.588782,7.881391,0.000000,0.000000,0.000000,0.778408,0.627759,-55.283663,19.526958,95.700479,-0.057440,0.260793,-0.013725,0.963587
1295965910.361008,1295965910.365024,-7.643312,8.140094,0.000000,0.000000,0.000000,0.772506,0.635007,-55.298789,19.513458,95.873016,-0.059216,0.268209,-0.013407,0.961446
1295965912.401005,1295965912.405008,-8.001352,9.151825,0.000000,0.000000,0.000000,0.879352,0.476172,-55.146913,19.619410,97.132446,-0.060045,0.060325,0.006521,0.996350
1295965912.917006,1295965912.949005,-8.152778,9.380847,0.000000,0.000000,0.000000,0.884861,0.465854,-55.064301,19.752945,97.479885,-0.055887,0.039495,0.008308,0.997621
1295965913.385005,1295965913.425010,-8.313589,9.565444,0.000000,0.000000,0.000000,0.935212,0.354088,-54.039085,16.596918,107.585603,-0.075441,-0.016479,-0.010371,0.996960
1295965913.934013,1295965913.969005,-8.527495,9.730302,0.000000,0.000000,0.000000,0.948769,0.315971,-54.212960,16.737736,108.420101,-0.076432,-0.059342,-0.009377,0.995263
1295965914.441011,1295965914.445011,-8.638668,9.981903,0.000000,0.000000,0.000000,0.927163,0.374657,-54.146755,16.774213,108.671398,-0.075284,0.013371,-0.014047,0.996974
1295965915.457011,1295965915.465007,-8.891891,10.088404,0.000000,0.000000,0.000000,0.948453,0.316919,-54.141021,16.833719,108.910311,-0.089961,-0.059751,-0.006984,0.994127
1295965916.008007,1295965916.009010,-9.085687,10.229603,0.000000,0.000000,0.000000,0.944586,0.328265,-54.193718,16.889524,109.105301,-0.088234,-0.044295,-0.007344,0.995087
1295965917.487043,1295965917.505013,-9.577979,10.809254,0.000000,0.000000,0.000000,0.815424,0.578864,-52.767210,18.796627,110.474599,-0.117132,-0.155514,-0.039623,0.980064
1295965918.040015,1295965918.049015,-9.674702,11.086105,0.000000,0.000000,0.000000,0.810801,0.585322,-53.003268,19.037219,111.133339,-0.115722,-0.159328,-0.039243,0.979634
1295965918.485008,1295965918.525014,-9.725719,11.315277,0.000000,0.000000,0.000000,0.740198,0.672389,-53.224670,19.062788,111.288234,-0.117353,-0.022178,-0.057094,0.991200
1295965919.504038,1295965919.545017,-9.613957,11.826150,0.000000,0.000000,0.000000,0.496782,0.867876,-52.252908,20.082830,114.552335,-0.103584,0.102661,-0.070054,0.986825
1295965919.979004,1295965920.089009,-9.470499,12.030465,0.000000,0.000000,0.000000,0.427948,0.903803,-52.175756,20.174737,115.023270,-0.099145,0.174191,-0.078916,0.976525
1295965921.079005,1295965921.109005,-9.011922,12.372605,0.000000,0.000000,0.000000,0.218538,0.975828,-52.154573,21.047483,114.819062,-0.083907,0.362583,-0.104148,0.922305
1295965921.585011,1295965921.585005,-8.768257,12.486334,0.000000,0.000000,0.000000,0.216229,0.976343,-51.923918,21.097236,115.109379,-0.084345,0.358556,-0.104049,0.923849
1295965922.123010,1295965922.129011,-8.507693,12.604620,0.000000,0.000000,0.000000,0.216066,0.976379,-51.685201,21.129199,115.662580,-0.087502,0.359433,-0.105550,0.923044
1295965922.591012,1295965922.605023,-8.277919,12.702237,0.000000,0.000000,0.000000,0.218099,0.975927,-51.480305,21.181798,115.879548,-0.088158,0.352528,-0.105391,0.925659
1295965923.137011,1295965923.149006,-8.013423,12.822385,0.000000,0.000000,0.000000,0.219694,0.975569,-51.250973,21.215108,116.210304,-0.091519,0.343938,-0.104390,0.928673
1295965923.605006,1295965923.625005,-7.787437,12.926618,0.000000,0.000000,0.000000,0.221060,0.975260,-51.052005,21.499172,116.408267,-0.075513,0.337979,-0.107916,0.931892
1295965924.156030,1295965924.169013,-7.522914,13.053168,0.000000,0.000000,0.000000,0.222541,0.974923,-50.908708,21.525984,116.610196,-0.074875,0.329632,-0.106139,0.935132
1295965924.628034,1295965924.645005,-7.298271,13.162101,0.000000,0.000000,0.000000,0.224316,0.974516,-50.893169,21.463213,116.666054,-0.076882,0.322552,-0.102310,0.937860
1295965925.179005,1295965925.189005,-7.035184,13.289287,0.000000,0.000000,0.000000,0.219964,0.975508,-50.623299,21.546612,117.088151,-0.075569,0.321064,-0.102747,0.938430
1295965926.206019,1295965926.209005,-6.513083,13.430375,0.000000,0.000000,0.000000,0.065767,0.997835,-49.596479,21.641221,118.017005,-0.063115,0.454345,-0.118399,0.880664
1295965926.678006,1295965926.685006,-6.263753,13.463749,0.000000,0.000000,0.000000,0.065835,0.997831,-49.260940,21.686244,118.299227,-0.060010,0.450494,-0.116640,0.883091
1295965927.216004,1295965927.229010,-5.979158,13.491103,0.000000,0.000000,0.000000,0.009770,0.999952,-46.554690,22.600798,121.299519,-0.048428,0.497720,-0.121548,0.857412
1295965927.691005,1295965927.705005,-5.731989,13.471804,0.000000,0.000000,0.000000,-0.093900,0.995582,-46.015771,22.593869,121.529038,-0.035392,0.579839,-0.130816,0.803381
1295965928.219008,1295965928.249006,-5.542757,13.419427,0.000000,0.000000,0.000000,-0.226316,0.974054,-45.971880,22.600271,121.446417,-0.030640,0.660423,-0.137449,0.737571
1295965928.725005,1295965928.725007,-5.474717,13.380328,0.000000,0.000000,0.000000,-0.302168,0.953255,-45.853343,22.568173,121.349725,-0.018896,0.707382,-0.145727,0.691388
1295965930.276027,1295965930.289005,-5.023026,13.039773,0.000000,0.000000,0.000000,-0.356984,0.934111,-46.901953,23.470374,124.355729,-0.016686,0.738174,-0.144591,0.658722
1295965931.290007,1295965931.309006,-4.766888,12.798898,0.000000,0.000000,0.000000,-0.411838,0.911257,-46.273633,23.328929,124.472402,-0.014637,0.779753,-0.144213,0.609077
1295965932.809012,1295965932.839007,-4.524092,12.250765,0.000000,0.000000,0.000000,-0.675071,0.737753,-44.887492,23.227504,123.024042,0.021560,0.924125,-0.153840,0.349088
1295965933.342006,1295965933.349006,-4.517531,12.008793,0.000000,0.000000,0.000000,-0.714517,0.699618,-44.661015,23.123726,122.714251,0.027662,0.939918,-0.151676,0.304603
1295965933.845007,1295965933.859005,-4.518941,11.740053,0.000000,0.000000,0.000000,-0.714125,0.700018,-44.524288,23.066744,122.571998,0.029293,0.937838,-0.154558,0.309375
1295965934.357015,1295965934.369005,-4.521284,11.466880,0.000000,0.000000,0.000000,-0.712305,0.701870,-42.929972,22.464498,120.738057,0.027442,0.934474,-0.156122,0.318796
1295965934.873025,1295965934.879019,-4.523702,11.191087,0.000000,0.000000,0.000000,-0.709693,0.704511,-40.374032,22.654018,118.562662,0.025436,0.929938,-0.168692,0.325747
1295965935.382007,1295965935.389005,-4.523773,10.920765,0.000000,0.000000,0.000000,-0.711763,0.702420,-40.197192,22.572363,118.383998,0.024991,0.928827,-0.168466,0.329053
1295965935.888023,1295965935.899007,-4.536991,10.651234,0.000000,0.000000,0.000000,-0.733729,0.679443,-38.791713,22.331284,117.164945,0.027624,0.938151,-0.168926,0.300954
1295965936.406007,1295965936.409005,-4.559510,10.375889,0.000000,0.000000,0.000000,-0.742617,0.669717,-36.733783,21.909897,114.801619,0.031043,0.938011,-0.173348,0.298533
1295965936.910005,1295965936.919004,-4.609394,10.113201,0.000000,0.000000,0.000000,-0.790378,0.612619,-35.222268,20.946309,112.599626,0.044644,0.957680,-0.172187,0.226290
1295965937.405005,1295965937.429004,-4.674387,9.857631,0.000000,0.000000,0.000000,-0.790709,0.612193,-33.721263,19.882740,110.207067,0.043497,0.955873,-0.169710,0.235824
1295965937.919004,1295965937.939005,-4.739582,9.590705,0.000000,0.000000,0.000000,-0.781240,0.624231,-32.346255,18.935346,107.915274,0.041491,0.950312,-0.170312,0.257252
1295965938.448005,1295965938.449006,-4.801284,9.315313,0.000000,0.000000,0.000000,-0.779607,0.626268,-32.239769,18.857632,107.751981,0.041411,0.948295,-0.170948,0.264193
1295965938.919017,1295965938.959014,-4.854334,9.071071,0.000000,0.000000,0.000000,-0.777580,0.628784,-30.509646,17.946818,105.567727,0.039288,0.945254,-0.172582,0.274164
1295965939.466009,1295965939.469012,-4.914822,8.784534,0.000000,0.000000,0.000000,-0.776258,0.630415,-27.890694,16.884495,102.800958,0.041789,0.942926,-0.174847,0.280308
1295965939.974018,1295965939.979009,-4.985529,8.440698,0.000000,0.000000,0.000000,-0.774170,0.632977,-25.264606,15.531884,99.963808,0.040874,0.939993,-0.174219,0.290499
1295965940.480007,1295965940.489006,-5.059125,8.069519,0.000000,0.000000,0.000000,-0.772192,0.635389,-22.383714,15.056333,97.053164,0.042546,0.935930,-0.180668,0.299305
1295965940.957012,1295965940.999005,-5.127825,7.718685,0.000000,0.000000,0.000000,-0.776295,0.630370,-22.185841,14.944497,96.813588,0.044215,0.935128,-0.181444,0.301096
1295965941.507005,1295965941.509006,-5.228845,7.322613,0.000000,0.000000,0.000000,-0.797074,0.603881,-21.002392,14.294039,95.457544,0.048716,0.943319,-0.179394,0.274943
1295965942.006006,1295965942.019005,-5.328854,6.961455,0.000000,0.000000,0.000000,-0.795912,0.605412,-17.855902,12.511384,92.375295,0.049218,0.942455,-0.180344,0.277187
1295965942.524008,1295965942.529005,-5.443391,6.594877,0.000000,0.000000,0.000000,-0.826375,0.563120,-15.887928,11.018440,90.379829,0.057330,0.954039,-0.175191,0.236288
1295965943.010005,1295965943.039004,-5.598027,6.276619,0.000000,0.000000,0.000000,-0.862518,0.506027,-15.621576,10.752554,89.951568,0.071083,0.968796,-0.164445,0.171287
1295965943.539005,1295965943.549004,-5.788958,5.934145,0.000000,0.000000,0.000000,-0.862053,0.506818,-15.267993,10.357546,89.229104,0.067821,0.967399,-0.160809,0.183521
1295965944.057008,1295965944.059005,-5.975059,5.596345,0.000000,0.000000,0.000000,-0.860479,0.509485,-15.451832,10.321182,88.995863,0.063669,0.962759,-0.163026,0.206068
1295965944.549012,1295965944.569006,-6.150110,5.274199,0.000000,0.000000,0.000000,-0.858571,0.512695,-14.601566,9.646844,87.240641,0.052068,0.960453,-0.166190,0.217255
1295965945.057026,1295965945.079037,-6.325804,4.947069,0.000000,0.000000,0.000000,-0.857343,0.514745,-15.715730,9.558982,85.754252,0.044034,0.956862,-0.161654,0.237368
1295965945.588026,1295965945.589025,-6.475300,4.689909,0.000000,0.000000,0.000000,-0.856365,0.516371,-13.577383,8.495081,82.833241,0.042552,0.953818,-0.166316,0.246494
1295965946.084034,1295965946.099020,-6.616046,4.466444,0.000000,0.000000,0.000000,-0.899102,0.437740,-13.590477,8.388125,82.835244,0.052310,0.971533,-0.161460,0.165279
1295965946.592026,1295965946.609008,-6.807859,4.283695,0.000000,0.000000,0.000000,-0.956032,0.293263,-14.022314,8.157599,82.166471,0.080951,0.977622,-0.179543,0.073929
1295965947.097004,1295965947.119005,-7.050263,4.177147,0.000000,0.000000,0.000000,-0.990139,0.140087,-13.017181,6.418743,78.419389,0.122148,0.978515,-0.163419,-0.029713
1295965947.603033,1295965947.629009,-7.374565,4.135249,0.000000,0.000000,0.000000,-0.999177,0.040566,-13.168094,6.059393,77.501929,0.133584,0.971507,-0.147510,-0.128722
1295965948.110005,1295965948.139005,-7.751712,4.113394,0.000000,0.000000,0.000000,-0.999557,0.029773,-13.595393,5.119611,74.691712,0.134874,0.970610,-0.148842,-0.132558
1295965948.614030,1295965948.649011,-8.119556,4.151270,0.000000,0.000000,-0.000000,-0.998593,-0.053028,-13.744296,5.044071,74.400968,0.147530,0.957435,-0.135915,-0.207559
1295965949.144039,1295965949.159028,-8.502084,4.244783,0.000000,0.000000,-0.000000,-0.996060,-0.088677,-13.794882,5.000674,74.137570,0.154230,0.949061,-0.136063,-0.238712
1295965949.629013,1295965949.669011,-8.836038,4.385203,0.000000,0.000000,-0.000000,-0.996032,-0.089000,-15.131203,4.104085,70.189927,0.153672,0.948597,-0.137175,-0.240276
1295965950.150005,1295965950.179005,-9.183557,4.561377,0.000000,0.000000,-0.000000,-0.996322,-0.085692,-16.849733,3.669563,68.109513,0.152323,0.951264,-0.136390,-0.230851
1295965950.648026,1295965950.689011,-9.528446,4.689531,0.000000,0.000000,-0.000000,-0.988515,-0.151124,-18.364598,3.169988,65.134060,0.154452,0.936259,-0.131752,-0.286715
1295965951.198015,1295965951.199041,-9.822728,4.872828,0.000000,0.000000,-0.000000,-0.939406,-0.342808,-18.364598,3.169988,65.134060,0.154452,0.936259,-0.131752,-0.286715
1295965951.699009,1295965951.709008,-9.978493,5.078112,0.000000,0.000000,-0.000000,-0.866010,-0.500027,-10.755670,7.916431,70.150062,0.393125,0.843935,-0.332000,-0.151668
1295965952.208006,1295965952.219017,-10.085105,5.380149,0.000000,0.000000,-0.000000,-0.809577,-0.587014,-10.306174,7.693764,70.387758,0.423756,0.824621,-0.291459,-0.235546
1295965952.725013,1295965952.729006,-10.182078,5.749480,0.000000,0.000000,-0.000000,-0.808303,-0.588766,-10.516171,7.590632,70.170129,0.420971,0.828348,-0.291633,-0.227098
1295965954.769006,1295965954.769011,-10.082841,6.908492,0.000000,0.000000,-0.000000,-0.447464,-0.894302,-10.496887,6.909652,69.955203,-0.497881,-0.630477,0.089673,0.588704
1295965955.272012,1295965955.279017,-9.873423,7.138582,0.000000,0.000000,-0.000000,-0.378210,-0.925720,-10.866464,7.145967,69.804940,-0.501201,-0.583466,0.052219,0.636897
1295965955.789019,1295965955.789006,-9.600333,7.405487,0.000000,0.000000,-0.000000,-0.375704,-0.926740,-11.141028,7.322532,69.715081,-0.500922,-0.582990,0.052430,0.637535
1295965956.799010,1295965956.809007,-9.054604,7.920045,0.000000,0.000000,-0.000000,-0.376244,-0.926521,-11.675881,7.657664,69.539613,-0.499275,-0.596791,0.063784,0.624898
1295965957.309017,1295965957.319005,-8.768816,8.166757,0.000000,0.000000,-0.000000,-0.364209,-0.931317,-11.951851,7.850232,69.452873,-0.500005,-0.592425,0.060942,0.628739
1295965957.814005,1295965957.829008,-8.476245,8.401069,0.000000,0.000000,-0.000000,-0.367327,-0.930092,-12.316603,8.102894,69.306598,-0.498602,-0.599132,0.067649,0.622785
1295965958.330023,1295965958.339005,-8.176555,8.640663,0.000000,0.000000,-0.000000,-0.371636,-0.928379,-12.675570,8.291867,69.193038,-0.499535,-0.604925,0.071011,0.616026
1295965958.827008,1295965958.849006,-7.901442,8.874235,0.000000,0.000000,-0.000000,-0.378646,-0.925541,-13.046845,8.529540,69.092090,-0.496814,-0.614625,0.082131,0.607179
1295965959.843026,1295965959.869010,-7.409705,9.326062,0.000000,0.000000,-0.000000,-0.285121,-0.958491,-13.858946,8.960151,68.747054,-0.502316,-0.561538,0.034076,0.656653
1295965960.369015,1295965960.379006,-7.162301,9.448631,0.000000,0.000000,-0.000000,-0.158486,-0.987361,-13.909728,8.787406,68.570050,-0.504146,-0.475915,-0.034617,0.719822
1295965961.397008,1295965961.399007,-6.629210,9.488487,0.000000,-0.000000,0.000000,0.096896,-0.995295,-14.205070,9.711806,68.927448,-0.482083,-0.296273,-0.155407,0.809733
1295965961.884010,1295965961.909006,-6.386772,9.410445,0.000000,-0.000000,0.000000,0.222712,-0.974884,-13.870374,10.088648,69.321520,-0.459961,-0.210895,-0.205381,0.837722
1295965963.398015,1295965963.439005,-5.507748,8.886593,0.000000,-0.000000,0.000000,0.288911,-0.957356,-13.012089,10.595280,70.018162,-0.457147,-0.211699,-0.203784,0.839447
1295965963.949005,1295965963.949006,-5.172733,8.648975,0.000000,-0.000000,0.000000,0.285671,-0.958328,-13.283409,11.582015,70.458113,-0.460302,-0.216186,-0.197513,0.838078
1295965964.457017,1295965964.459006,-4.893672,8.392141,0.000000,-0.000000,0.000000,0.285047,-0.958514,-13.317948,12.331513,70.965857,-0.460981,-0.229008,-0.194071,0.835098
1295965964.962004,1295965964.969005,-4.611536,8.146106,0.000000,-0.000000,0.000000,0.278924,-0.960313,-12.828219,12.340573,71.228850,-0.455729,-0.256003,-0.175831,0.834181
1295965965.467007,1295965965.479007,-4.337864,7.890055,0.000000,-0.000000,0.000000,0.276253,-0.961085,-12.601103,12.728644,71.659236,-0.461869,-0.295594,-0.145710,0.823450
1295965965.973017,1295965965.989004,-4.097912,7.670930,0.000000,-0.000000,0.000000,0.248331,-0.968675,-11.985164,13.362661,72.193500,-0.457117,-0.372159,-0.096318,0.802038
1295965966.477004,1295965966.499005,-3.872939,7.527257,0.000000,-0.000000,0.000000,0.109488,-0.993988,-11.985164,13.362661,72.193500,-0.457117,-0.372159,-0.096318,0.802038
1295965966.907006,1295965967.009005,-3.648613,7.452247,0.000000,0.000000,-0.000000,-0.002104,-0.999998,-12.051062,13.931760,72.036699,-0.418609,-0.499269,-0.019428,0.758367
1295965968.539006,1295965968.539005,-2.603326,7.444288,0.000000,0.000000,-0.000000,-0.277699,-0.960668,-13.077310,16.236582,70.579715,-0.412854,-0.556601,0.019923,0.720659
1295965970.057021,1295965970.069006,-1.613871,7.877851,0.000000,0.000000,-0.000000,-0.251344,-0.967898,-13.443552,17.258351,70.489080,-0.383487,-0.566324,0.044749,0.728156
1295965971.089006,1295965971.089005,-1.042034,8.149298,0.000000,0.000000,-0.000000,-0.395135,-0.918623,-15.103116,18.021363,70.468700,-0.392180,-0.568503,0.041436,0.721999
1295965971.572005,1295965971.599005,-0.893012,8.346324,0.000000,0.000000,-0.000000,-0.558378,-0.829587,-15.103116,18.021363,70.468700,-0.392180,-0.568503,0.041436,0.721999
1295965972.093013,1295965972.109007,-0.822334,8.602792,0.000000,0.000000,-0.000000,-0.707573,-0.706641,-15.103116,18.021363,70.468700,-0.392180,-0.568503,0.041436,0.721999
1295965972.611006,1295965972.619004,-0.844158,8.900837,0.000000,0.000000,-0.000000,-0.789177,-0.614166,-16.844068,18.134300,70.281975,-0.389237,-0.621144,0.067653,0.676829
1295965973.117006,1295965973.129007,-0.916466,9.261344,0.000000,0.000000,-0.000000,-0.798707,-0.601720,-17.241839,18.315378,70.208959,-0.389552,-0.635488,0.075933,0.662297
1295965974.145012,1295965974.149005,-1.068024,10.007444,0.000000,0.000000,-0.000000,-0.836300,-0.548272,-18.282427,18.987219,70.023398,-0.374750,-0.684363,0.115921,0.614631
1295965974.653005,1295965974.659006,-1.156735,10.317804,0.000000,0.000000,-0.000000,-0.843565,-0.537027,-18.752707,19.157075,69.873559,-0.374224,-0.695758,0.122410,0.600744
1295965975.665012,1295965975.679005,-1.383672,11.032489,0.000000,0.000000,-0.000000,-0.848909,-0.528538,-19.903624,19.516217,69.595806,-0.372277,-0.711232,0.128230,0.582336
1295965976.173006,1295965976.189005,-1.478406,11.398494,0.000000,0.000000,-0.000000,-0.854498,-0.519454,-20.676438,19.865505,69.384745,-0.368145,-0.719504,0.137110,0.572699
1295965976.681007,1295965976.699007,-1.606392,11.751598,0.000000,0.000000,-0.000000,-0.873608,-0.486630,-20.960806,19.956262,69.289936,-0.363713,-0.744939,0.153441,0.537805
1295965977.693004,1295965977.719006,-1.902837,12.441878,0.000000,0.000000,-0.000000,-0.880566,-0.473924,-20.859216,22.486456,66.598382,-0.342100,-0.757778,0.188515,0.522687
1295965979.229006,1295965979.249005,-2.153339,13.411550,0.000000,0.000000,-0.000000,-0.764206,-0.644972,-20.276965,24.483658,64.171691,-0.350506,-0.641548,0.139210,0.667968
1295965980.248038,1295965980.269035,-2.146449,13.965371,0.000000,0.000000,-0.000000,-0.770622,-0.637292,-23.758614,26.908411,63.848778,-0.341970,-0.658042,0.152056,0.653389
1295965981.757021,1295965981.799026,-2.229570,14.533828,0.000000,0.000000,-0.000000,-0.780334,-0.625362,-25.358990,27.236603,63.866486,-0.331816,-0.679344,0.172729,0.631311
1295965982.299014,1295965982.309021,-2.229517,14.533588,0.000000,0.000000,-0.000000,-0.780353,-0.625339,-25.358990,27.236603,63.866486,-0.331816,-0.679344,0.172729,0.631311
1295965982.819005,1295965982.819018,-2.229518,14.533590,0.000000,0.000000,-0.000000,-0.780353,-0.625340,-25.358990,27.236603,63.866486,-0.331816,-0.679344,0.172729,0.631311
1295965983.326024,1295965983.329009,-2.229518,14.533590,0.000000,0.000000,-0.000000,-0.780353,-0.625340,-25.358990,27.236603,63.866486,-0.331816,-0.679344,0.172729,0.631311
1295965983.833019,1295965983.839005,-2.229518,14.533590,0.000000,0.000000,-0.000000,-0.780353,-0.625340,-25.358990,27.236603,63.866486,-0.331816,-0.679344,0.172729,0.631311
1295965984.335037,1295965984.349004,-2.229518,14.533590,0.000000,0.000000,-0.000000,-0.780353,-0.625340,-25.358990,27.236603,63.866486,-0.331816,-0.679344,0.172729,0.631311
1295965984.848017,1295965984.859005,-2.229635,14.533351,0.000000,0.000000,-0.000000,-0.762345,-0.647171,-25.358990,27.236603,63.866486,-0.331816,-0.679344,0.172729,0.631311
1295965985.365030,1295965985.369023,-2.230409,14.545073,0.000000,0.000000,-0.000000,-0.765187,-0.643808,-25.358990,27.236603,63.866486,-0.331816,-0.679344,0.172729,0.631311
1295965986.362006,1295965986.389004,-2.249222,14.813578,0.000000,0.000000,-0.000000,-0.690160,-0.723657,-27.459076,27.772566,63.522957,-0.344904,-0.609993,0.129142,0.701622
1295965987.377006,1295965987.409005,-2.228840,15.074712,0.000000,0.000000,-0.000000,-0.646065,-0.763282,-29.008828,28.980395,63.695190,-0.350479,-0.573089,0.108961,0.732708
1295965987.916028,1295965987.919024,-2.212718,15.146797,0.000000,0.000000,-0.000000,-0.598581,-0.801062,-29.008828,28.980395,63.695190,-0.350479,-0.573089,0.108961,0.732708
1295965988.391030,1295965988.429004,-2.185863,15.239662,0.000000,0.000000,-0.000000,-0.592841,-0.805319,-29.222471,29.039696,63.740316,-0.350349,-0.569953,0.106453,0.735579
1295965988.932011,1295965988.939005,-2.140043,15.388208,0.000000,0.000000,-0.000000,-0.593882,-0.804552,-29.343986,29.084354,63.743240,-0.348320,-0.573182,0.108117,0.733789
1295965989.448013,1295965989.449010,-2.100976,15.529681,0.000000,0.000000,-0.000000,-0.614980,-0.788543,-29.391800,29.170463,63.825693,-0.344415,-0.600087,0.122295,0.711560
1295965989.956006,1295965989.959006,-2.069877,15.671491,0.000000,0.000000,-0.000000,-0.641265,-0.767319,-29.497738,29.208580,63.828832,-0.340312,-0.627023,0.135553,0.687499
1295965990.468009,1295965990.469005,-2.055091,15.810973,0.000000,0.000000,-0.000000,-0.710136,-0.704065,-29.591859,29.228222,63.806840,-0.327722,-0.687504,0.169450,0.625478
1295965990.963009,1295965990.979006,-2.058126,15.894815,0.000000,0.000000,-0.000000,-0.737151,-0.675728,-29.591859,29.228222,63.806840,-0.327722,-0.687504,0.169450,0.625478
1295965991.469005,1295965991.489005,-2.069370,16.026074,0.000000,0.000000,-0.000000,-0.739100,-0.673596,-29.821021,29.256708,63.757602,-0.327055,-0.691702,0.169809,0.621086
1295965991.973004,1295965991.999004,-2.082992,16.172972,0.000000,0.000000,-0.000000,-0.739732,-0.672902,-30.088090,29.290009,63.690205,-0.326136,-0.694508,0.171417,0.617989
1295965992.488011,1295965992.509005,-2.097598,16.326619,0.000000,0.000000,-0.000000,-0.740729,-0.671804,-30.371529,29.333301,63.623418,-0.325034,-0.698892,0.174061,0.612867
1295965994.035007,1295965994.039016,-2.064942,16.745935,0.000000,0.000000,-0.000000,-0.613607,-0.789612,-30.719092,29.430766,63.576069,-0.342277,-0.594907,0.122232,0.716932
1295965994.543010,1295965994.549006,-2.024981,16.911263,0.000000,0.000000,-0.000000,-0.613832,-0.789437,-30.863896,29.473985,63.564672,-0.343698,-0.599066,0.122489,0.712733
1295965995.554006,1295965995.569005,-1.940060,17.258519,0.000000,0.000000,-0.000000,-0.612995,-0.790087,-31.155116,29.580660,63.576656,-0.342734,-0.607039,0.125555,0.705885
1295965996.021005,1295965996.045005,-1.904035,17.418878,0.000000,0.000000,-0.000000,-0.614006,-0.789302,-31.323026,29.633825,63.566748,-0.343722,-0.609479,0.126431,0.703140
1295965996.589007,1295965996.589005,-1.867418,17.615372,0.000000,0.000000,-0.000000,-0.616450,-0.787394,-31.480048,29.660180,63.562708,-0.345339,-0.613374,0.125703,0.699080
1295965997.073005,1295965997.099007,-1.847229,17.701588,0.000000,0.000000,-0.000000,-0.616862,-0.787071,-31.480048,29.660180,63.562708,-0.345339,-0.613374,0.125703,0.699080
1295965997.589005,1295965997.609004,-1.830739,17.768104,0.000000,0.000000,-0.000000,-0.616854,-0.787078,-31.480048,29.660180,63.562708,-0.345339,-0.613374,0.125703,0.699080
1295965998.110007,1295965998.119005,-1.810396,17.828809,0.000000,0.000000,-0.000000,-0.559273,-0.828984,-31.480048,29.660180,63.562708,-0.345339,-0.613374,0.125703,0.699080
1295965998.606004,1295965998.629004,-1.775630,17.915849,0.000000,0.000000,-0.000000,-0.551656,-0.834072,-31.480048,29.660180,63.562708,-0.345339,-0.613374,0.125703,0.699080
1295965999.103015,1295965999.139004,-1.712078,18.066755,0.000000,0.000000,-0.000000,-0.553785,-0.832660,-31.623708,29.708873,63.569786,-0.347847,-0.617125,0.126266,0.694418
1295965999.640013,1295965999.649005,-1.641908,18.235049,0.000000,0.000000,-0.000000,-0.556185,-0.831059,-31.747289,29.763199,63.604013,-0.345343,-0.626233,0.128683,0.687031
1295966000.667011,1295966000.669005,-1.479135,18.642406,0.000000,0.000000,-0.000000,-0.564270,-0.825590,-32.080373,29.833520,63.589990,-0.347390,-0.643829,0.135199,0.668225
1295966001.169010,1295966001.179005,-1.402389,18.824332,0.000000,0.000000,-0.000000,-0.544239,-0.838930,-32.218769,29.904680,63.575562,-0.348278,-0.628449,0.129638,0.683336
1295966001.671012,1295966001.689005,-1.319910,18.989915,0.000000,0.000000,-0.000000,-0.499646,-0.866230,-32.345722,29.947170,63.626876,-0.357502,-0.595742,0.110627,0.710666
1295966002.191006,1295966002.199005,-1.231004,19.142988,0.000000,0.000000,-0.000000,-0.491387,-0.870942,-32.610826,30.045466,63.610618,-0.356936,-0.594254,0.109282,0.712402
1295966002.686007,1295966002.709005,-1.130949,19.279675,0.000000,0.000000,-0.000000,-0.407044,-0.913408,-32.715445,30.114811,63.654320,-0.364644,-0.531278,0.077046,0.760817
1295966003.192005,1295966003.219004,-1.015354,19.392517,0.000000,0.000000,-0.000000,-0.336957,-0.941520,-32.936198,30.254415,63.705625,-0.368532,-0.476756,0.048874,0.796554
1295966003.729010,1295966003.729004,-0.868348,19.424025,0.000000,0.000000,-0.000000,-0.237477,-0.971393,-32.992048,30.345277,63.766091,-0.370119,-0.391336,0.005199,0.842520
1295966004.218008,1295966004.239005,-0.725278,19.352360,0.000000,0.000000,-0.000000,-0.284603,-0.958645,-32.955875,30.413793,63.860345,-0.367925,-0.432818,0.029486,0.822454
1295966005.258007,1295966005.259007,-0.405980,19.560043,0.000000,0.000000,-0.000000,-0.333214,-0.942851,-33.269091,30.658118,63.996882,-0.364259,-0.482679,0.052607,0.794713
1295966005.733012,1295966005.769005,-0.252007,19.739626,0.000000,0.000000,-0.000000,-0.447647,-0.894210,-34.174541,30.430415,63.656803,-0.377191,-0.512069,0.070882,0.768432
1295966006.278011,1295966006.279007,-0.218074,19.776273,0.000000,0.000000,-0.000000,-0.606656,-0.794964,-34.526386,31.259684,64.482613,-0.378918,-0.611467,0.113243,0.685350
1295966006.784010,1295966006.789009,-0.256683,19.602217,0.000000,0.000000,-0.000000,-0.612467,-0.790496,-34.193603,31.160282,64.565292,-0.376209,-0.611864,0.119777,0.685378
1295966007.289008,1295966007.299004,-0.281084,19.507397,0.000000,0.000000,-0.000000,-0.610809,-0.791778,-34.031683,31.134397,64.595441,-0.372692,-0.609066,0.123830,0.689061
1295966007.796006,1295966007.809005,-0.280620,19.509166,0.000000,0.000000,-0.000000,-0.610938,-0.791678,-34.031683,31.134397,64.595441,-0.372692,-0.609066,0.123830,0.689061
1295966008.808006,1295966008.829007,-0.280617,19.509180,0.000000,0.000000,-0.000000,-0.610937,-0.791679,-34.031683,31.134397,64.595441,-0.372692,-0.609066,0.123830,0.689061
1295966009.291006,1295966009.339005,-0.280617,19.509180,0.000000,0.000000,-0.000000,-0.610937,-0.791679,-34.031683,31.134397,64.595441,-0.372692,-0.609066,0.123830,0.689061
1295966009.842009,1295966009.849007,-0.280617,19.509180,0.000000,0.000000,-0.000000,-0.610937,-0.791679,-34.031683,31.134397,64.595441,-0.372692,-0.609066,0.123830,0.689061
1295966010.338005,1295966010.359008,-0.280617,19.509180,0.000000,0.000000,-0.000000,-0.610937,-0.791679,-34.031683,31.134397,64.595441,-0.372692,-0.609066,0.123830,0.689061
1295966012.906013,1295966012.909005,-0.280616,19.509183,0.000000,0.000000,-0.000000,-0.610938,-0.791679,-34.031683,31.134397,64.595441,-0.372692,-0.609066,0.123830,0.689061
1295966013.411011,1295966013.419007,-0.280616,19.509183,0.000000,0.000000,-0.000000,-0.610938,-0.791679,-34.031683,31.134397,64.595441,-0.372692,-0.609066,0.123830,0.689061
1295966013.919010,1295966013.929008,-0.280616,19.509183,0.000000,0.000000,-0.000000,-0.610938,-0.791679,-34.031683,31.134397,64.595441,-0.372692,-0.609066,0.123830,0.689061
